0xBC4023Baef7B812c23f21bc0b108A188243b07Cb,13,12
0x56B2e3C3cFf7f3921Dc2e0F8B8e20d1eEc29216b,4,-16
0x5ACC1e56E6d738Ed69374fE2b778d3b5D9154143,-2,5
0xF16AB2EA0a7F7B28C267cbA3Ed211Ea5c6e2741,4,6000
0x53ca087f98F141A7430757F9E64dDAcC41b5A5E4,
0x4B330f0b0966f2E96b7632f99c82D0894e6C725d,3,
0xecDFec71AbCD5a612eAf9169B19E907eAA2717d9,1,2,3,
0xC0FD0C0C0f2aE62B5a54b88caCaFAc06144F2696,1,1000001
Qdqwdiuhqkd
0xd3E49136aBdAda1EeD2df2ed7c7D530c1b54afcD,12.345,1000
0xd13c7924241E51Eb013003490736e6169a15786a,12,123.456
0xA6C8045C3989fD15d2b506084517E20a0A801637,1,2